OK?,FILE
,B20/D12/__main__.py
,B20/D12/install-footprint.py
,B20/D12/packages/.gitignore
,B20/D12/packages/alephone/debian/alephone.install
,B20/D12/packages/alephone/debian/alephone.links
,B20/D12/packages/alephone/debian/alephone.manpages
,B20/D12/packages/alephone/debian/changelog
,B20/D12/packages/alephone/debian/clean
,B20/D12/packages/alephone/debian/control
,B20/D12/packages/alephone/debian/copyright
,B20/D12/packages/alephone/debian/marathon-1.desktop
,B20/D12/packages/alephone/debian/marathon-2.desktop
,B20/D12/packages/alephone/debian/marathon-3.desktop
,B20/D12/packages/alephone/debian/marathon.png
,B20/D12/packages/alephone/debian/rules
,B20/D12/packages/alephone/debian/source/format
,B20/D12/packages/alephone/debian/source/include-binaries
,B20/D12/packages/alephone/debian/watch
,B20/D12/packages/build-game-data.py
,B20/D12/packages/build-inmate-kernel-detect-obsolete.py
,B20/D12/packages/build-inmate-kernel-detect-obsolete.typescript
,B20/D12/packages/build-inmate-kernel-inner.py
,B20/D12/packages/build-inmate-kernel.config-old
,B20/D12/packages/build-inmate-kernel.ini
,B20/D12/packages/build-inmate-kernel.py
,B20/D12/packages/build-libdvdcss2.py
,B20/D12/packages/build-marble-inner.py
,B20/D12/packages/build-marble.py
,B20/D12/packages/build-misc.py
,B20/D12/packages/build-vlc-inner.py
,B20/D12/packages/build-vlc.py
,B20/D12/packages/crawl/debian/changelog
,B20/D12/packages/crawl/debian/control
,B20/D12/packages/crawl/debian/copyright
,B20/D12/packages/crawl/debian/crawl-common.docs
,B20/D12/packages/crawl/debian/crawl-common.postinst
,B20/D12/packages/crawl/debian/crawl-common.postrm
,B20/D12/packages/crawl/debian/crawl-tiles.desktop
,B20/D12/packages/crawl/debian/crawl.desktop
,B20/D12/packages/crawl/debian/crawl.png
,B20/D12/packages/crawl/debian/crawl.postinst
,B20/D12/packages/crawl/debian/rules
,B20/D12/packages/crawl/debian/source/format
,B20/D12/packages/crawl/debian/source/include-binaries
,B20/D12/packages/crawl/debian/watch
,B20/D12/packages/crosswords/debian/changelog
,B20/D12/packages/crosswords/debian/control
,B20/D12/packages/crosswords/debian/copyright
,B20/D12/packages/crosswords/debian/rules
,B20/D12/packages/crosswords/debian/source/format
,B20/D12/packages/crosswords/debian/watch
,B20/D12/packages/endless-sky/debian/changelog
,B20/D12/packages/endless-sky/debian/control
,B20/D12/packages/endless-sky/debian/endless-sky-data.install
,B20/D12/packages/endless-sky/debian/endless-sky.install
,B20/D12/packages/endless-sky/debian/rules
,B20/D12/packages/endless-sky/debian/source/format
,B20/D12/packages/endless-sky/debian/watch
,B20/D12/packages/libipuz/debian/changelog
,B20/D12/packages/libipuz/debian/control
,B20/D12/packages/libipuz/debian/copyright
,B20/D12/packages/libipuz/debian/rules
,B20/D12/packages/libipuz/debian/source/format
,B20/D12/packages/libipuz/debian/watch
,B20/D12/packages/prayer/debian/Config
,B20/D12/packages/prayer/debian/README.Debian
,B20/D12/packages/prayer/debian/changelog
,B20/D12/packages/prayer/debian/compat
,B20/D12/packages/prayer/debian/control
,B20/D12/packages/prayer/debian/copyright
,B20/D12/packages/prayer/debian/patches/PrisonPC-401-on-login-error.patch
,B20/D12/packages/prayer/debian/patches/PrisonPC-quoting-cap.patch
,B20/D12/packages/prayer/debian/patches/PrisonPC-use-local-timestamps.patch
,B20/D12/packages/prayer/debian/patches/disable_ssl3.patch
,B20/D12/packages/prayer/debian/patches/dlopen_templates.patch
,B20/D12/packages/prayer/debian/patches/glibc-2.28.patch
,B20/D12/packages/prayer/debian/patches/glibc-2.30.patch
,B20/D12/packages/prayer/debian/patches/hurd.patch
,B20/D12/packages/prayer/debian/patches/makefile_install_config.patch
,B20/D12/packages/prayer/debian/patches/no-referrer.patch
,B20/D12/packages/prayer/debian/patches/no_db_version_check.patch
,B20/D12/packages/prayer/debian/patches/openssl1.1.patch
,B20/D12/packages/prayer/debian/patches/series
,B20/D12/packages/prayer/debian/patches/template_index_externs.patch
,B20/D12/packages/prayer/debian/patches/template_sdk.patch
,B20/D12/packages/prayer/debian/patches/templates_fallback_to_compiled.patch
,B20/D12/packages/prayer/debian/patches/unbrand_accountd.patch
,B20/D12/packages/prayer/debian/patches/unbrand_cam_template.patch
,B20/D12/packages/prayer/debian/prayer-accountd.8
,B20/D12/packages/prayer/debian/prayer-accountd.docs
,B20/D12/packages/prayer/debian/prayer-accountd.init
,B20/D12/packages/prayer/debian/prayer-accountd.install
,B20/D12/packages/prayer/debian/prayer-accountd.lintian-overrides
,B20/D12/packages/prayer/debian/prayer-accountd.manpages
,B20/D12/packages/prayer/debian/prayer-templates-dev.README.Debian
,B20/D12/packages/prayer/debian/prayer-templates-dev.docs
,B20/D12/packages/prayer/debian/prayer-templates-dev.install
,B20/D12/packages/prayer/debian/prayer-templates-src.docs
,B20/D12/packages/prayer/debian/prayer-templates-src.install
,B20/D12/packages/prayer/debian/prayer.NEWS
,B20/D12/packages/prayer/debian/prayer.default
,B20/D12/packages/prayer/debian/prayer.dirs
,B20/D12/packages/prayer/debian/prayer.docs
,B20/D12/packages/prayer/debian/prayer.examples
,B20/D12/packages/prayer/debian/prayer.init
,B20/D12/packages/prayer/debian/prayer.install
,B20/D12/packages/prayer/debian/prayer.links
,B20/D12/packages/prayer/debian/prayer.lintian-overrides
,B20/D12/packages/prayer/debian/prayer.logrotate
,B20/D12/packages/prayer/debian/prayer.manpages
,B20/D12/packages/prayer/debian/prayer.postinst
,B20/D12/packages/prayer/debian/prayer.postrm
,B20/D12/packages/prayer/debian/rules
,B20/D12/packages/prayer/debian/source/format
,B20/D12/packages/prayer/debian/watch
,B20/D12/packages/prisonpc-chromium-hunspell-dictionaries/debian/changelog
,B20/D12/packages/prisonpc-chromium-hunspell-dictionaries/debian/control
,B20/D12/packages/prisonpc-chromium-hunspell-dictionaries/debian/copyright
,B20/D12/packages/prisonpc-chromium-hunspell-dictionaries/debian/install
,B20/D12/packages/prisonpc-chromium-hunspell-dictionaries/debian/rules
,B20/D12/packages/prisonpc-chromium-hunspell-dictionaries/debian/source/format
,B20/D12/packages/prisonpc-chromium-hunspell-dictionaries/debian/update-chromium-hunspell-dictionaries
,B20/D12/packages/prisonpc-chromium-hunspell-dictionaries/debian/update-chromium-hunspell-dictionaries.desktop
,B20/D12/packages/prisonpc-endless-sky-extras/debian/changelog
,B20/D12/packages/prisonpc-endless-sky-extras/debian/control
,B20/D12/packages/prisonpc-endless-sky-extras/debian/copyright
,B20/D12/packages/prisonpc-endless-sky-extras/debian/dirs
,B20/D12/packages/prisonpc-endless-sky-extras/debian/install
,B20/D12/packages/prisonpc-endless-sky-extras/debian/plugins.txt
,B20/D12/packages/prisonpc-endless-sky-extras/debian/plugins.urls
,B20/D12/packages/prisonpc-endless-sky-extras/debian/rules
,B20/D12/packages/prisonpc-endless-sky-extras/debian/source/format
,B20/D12/packages/prisonpc-ersatz/debian/changelog
,B20/D12/packages/prisonpc-ersatz/debian/control
,B20/D12/packages/prisonpc-ersatz/debian/copyright
,B20/D12/packages/prisonpc-ersatz/debian/prisonpc-ersatz-dictionaries-common.links
,B20/D12/packages/prisonpc-ersatz/debian/prisonpc-ersatz-e2fsprogs.lintian-overrides
,B20/D12/packages/prisonpc-ersatz/debian/rules
,B20/D12/packages/prisonpc-ersatz/debian/source/format
,B20/D12/packages/prisonpc-fonts/debian/55-fonts-prisonpc-core.conf
,B20/D12/packages/prisonpc-fonts/debian/TODO.rst
,B20/D12/packages/prisonpc-fonts/debian/changelog
,B20/D12/packages/prisonpc-fonts/debian/control
,B20/D12/packages/prisonpc-fonts/debian/copyright
,B20/D12/packages/prisonpc-fonts/debian/fonts-prisonpc-core.install
,B20/D12/packages/prisonpc-fonts/debian/fonts-prisonpc-core.links
,B20/D12/packages/prisonpc-fonts/debian/rules
,B20/D12/packages/prisonpc-fonts/debian/source/format
,B20/D12/packages/prisonpc-openttd-extras/debian/README.source
,B20/D12/packages/prisonpc-openttd-extras/debian/changelog
,B20/D12/packages/prisonpc-openttd-extras/debian/control
,B20/D12/packages/prisonpc-openttd-extras/debian/rules
,B20/D12/packages/prisonpc-openttd-extras/debian/rules_openttd.py
,B20/D12/packages/prisonpc-openttd-extras/debian/source/format
,B20/D12/packages/prisonpc-openttd-extras/debian/urls
,B20/D12/packages/prisonpc-warzone2100-extras/debian/changelog
,B20/D12/packages/prisonpc-warzone2100-extras/debian/control
,B20/D12/packages/prisonpc-warzone2100-extras/debian/copyright
,B20/D12/packages/prisonpc-warzone2100-extras/debian/install
,B20/D12/packages/prisonpc-warzone2100-extras/debian/maps.urls
,B20/D12/packages/prisonpc-warzone2100-extras/debian/rules
,B20/D12/packages/prisonpc-warzone2100-extras/debian/source/format
,B20/D12/packages/prisonpc-warzone2100-extras/debian/warzone2100-addon-fix
,B20/D12/packages/prisonpc-warzone2100-extras/debian/warzone2100-addon-fix.desktop
,B20/D12/packages/prisonpc-wesnoth-extras/debian/addons.ini
,B20/D12/packages/prisonpc-wesnoth-extras/debian/changelog
,B20/D12/packages/prisonpc-wesnoth-extras/debian/control
,B20/D12/packages/prisonpc-wesnoth-extras/debian/copyright
,B20/D12/packages/prisonpc-wesnoth-extras/debian/install
,B20/D12/packages/prisonpc-wesnoth-extras/debian/rules
,B20/D12/packages/prisonpc-wesnoth-extras/debian/rules_wesnoth.py
,B20/D12/packages/prisonpc-wesnoth-extras/debian/source/format
,B20/D12/packages/prisonpc-wesnoth-extras/debian/wesnoth-addon-fix
,B20/D12/packages/prisonpc-wesnoth-extras/debian/wesnoth-addon-fix.desktop
,B20/D12/packages/quota/debian/changelog
,B20/D12/packages/quota/debian/control
,B20/D12/packages/quota/debian/install
,B20/D12/packages/quota/debian/rules
,B20/D12/packages/quota/debian/source/format
,B20/D12/packages/quota/debian/watch
,B20/D12/templates/PrisonPC-inmate/config.toml
,B20/D12/templates/PrisonPC-inmate/dpkg.cfg
,B20/D12/templates/PrisonPC-inmate/files/apt-preferences-PrisonPC-inmate
,B20/D12/templates/PrisonPC-inmate/files/apt-preferences-PrisonPC-inmate.tarinfo
,B20/D12/templates/PrisonPC-inmate/files/device-paranoia.rules
,B20/D12/templates/PrisonPC-inmate/files/device-paranoia.rules.tarinfo
,B20/D12/templates/PrisonPC-inmate/files/firewall-master-server-address.nft
,B20/D12/templates/PrisonPC-inmate/files/firewall-master-server-address.nft.tarinfo
,B20/D12/templates/PrisonPC-inmate/files/mount-dvd-not-usb.rules
,B20/D12/templates/PrisonPC-inmate/files/mount-dvd-not-usb.rules.tarinfo
,B20/D12/templates/PrisonPC-inmate/files/nslcd.conf
,B20/D12/templates/PrisonPC-inmate/files/nslcd.conf.tarinfo
,B20/D12/templates/PrisonPC-inmate/files/tv-snitch-is-inmate-only.service
,B20/D12/templates/PrisonPC-inmate/files/tv-snitch-is-inmate-only.service.tarinfo
,B20/D12/templates/PrisonPC-inmate/hooks/customize90-delete-bad-files.glob
,B20/D12/templates/PrisonPC-inmate/hooks/customize90-delete-bad-files.py
,B20/D12/templates/PrisonPC-inmate/hooks/essential10-fuck.py
,B20/D12/templates/PrisonPC-inmate/hooks/essential10-is-kernel-rebuild-needed.py
,B20/D12/templates/PrisonPC-inmate/hooks/essential10-is-vlc-rebuild-needed.py
,B20/D12/templates/PrisonPC-staff/config.toml
,B20/D12/templates/PrisonPC-staff/files/chromium-PPCAdm.desktop
,B20/D12/templates/PrisonPC-staff/files/chromium-PPCAdm.desktop.tarinfo
,B20/D12/templates/PrisonPC-staff/files/chromium-PPCAdm.json
,B20/D12/templates/PrisonPC-staff/files/chromium-PPCAdm.json.tarinfo
,B20/D12/templates/PrisonPC-staff/files/chromium-uBlockOriginMinusMinus.json
,B20/D12/templates/PrisonPC-staff/files/chromium-uBlockOriginMinusMinus.json.tarinfo
,B20/D12/templates/PrisonPC-staff/files/disable-acceptable-use-policy.service
,B20/D12/templates/PrisonPC-staff/files/disable-acceptable-use-policy.service.tarinfo
,B20/D12/templates/PrisonPC-staff/files/disc-snitch-override.conf
,B20/D12/templates/PrisonPC-staff/files/disc-snitch-override.conf.tarinfo
,B20/D12/templates/PrisonPC-staff/files/dvdrip-a-local-file.desktop
,B20/D12/templates/PrisonPC-staff/files/dvdrip-a-local-file.desktop.tarinfo
,B20/D12/templates/PrisonPC-staff/files/dvdrip.desktop
,B20/D12/templates/PrisonPC-staff/files/dvdrip.desktop.tarinfo
,B20/D12/templates/PrisonPC-staff/files/dvdrip.glade
,B20/D12/templates/PrisonPC-staff/files/dvdrip.glade.tarinfo
,B20/D12/templates/PrisonPC-staff/files/dvdrip.py
,B20/D12/templates/PrisonPC-staff/files/dvdrip.py.tarinfo
,B20/D12/templates/PrisonPC-staff/files/firewall-master-server-address.nft
,B20/D12/templates/PrisonPC-staff/files/firewall-master-server-address.nft.tarinfo
,B20/D12/templates/PrisonPC-staff/files/firewall-staff.nft
,B20/D12/templates/PrisonPC-staff/files/firewall-staff.nft.tarinfo
,B20/D12/templates/PrisonPC-staff/files/network-check.grep
,B20/D12/templates/PrisonPC-staff/files/network-check.grep.tarinfo
,B20/D12/templates/PrisonPC-staff/files/nslcd.conf
,B20/D12/templates/PrisonPC-staff/files/nslcd.conf.tarinfo
,B20/D12/templates/PrisonPC-staff/files/sftponly-server-config.conf
,B20/D12/templates/PrisonPC-staff/files/sftponly-server-config.conf.tarinfo
,B20/D12/templates/PrisonPC-staff/files/srv-share.mount
,B20/D12/templates/PrisonPC-staff/files/srv-share.mount.tarinfo
,B20/D12/templates/PrisonPC-staff/files/srv-tv.mount
,B20/D12/templates/PrisonPC-staff/files/srv-tv.mount.tarinfo
,B20/D12/templates/PrisonPC-staff/files/x11vnc-should-prompt-staff.service
,B20/D12/templates/PrisonPC-staff/files/x11vnc-should-prompt-staff.service.tarinfo
,B20/D12/templates/PrisonPC-staff/files/xdm.theme_colors
,B20/D12/templates/PrisonPC-staff/files/xdm.theme_colors.tarinfo
,B20/D12/templates/PrisonPC-staff/files/xtigervncviewer.desktop
,B20/D12/templates/PrisonPC-staff/files/xtigervncviewer.desktop.tarinfo
,B20/D12/templates/PrisonPC/apt.sources
,B20/D12/templates/PrisonPC/config.toml
,B20/D12/templates/PrisonPC/dpkg.cfg
,B20/D12/templates/PrisonPC/files/apt-preferences-PrisonPC
,B20/D12/templates/PrisonPC/files/apt-preferences-PrisonPC.tarinfo
,B20/D12/templates/PrisonPC/files/chromium-policies/00-Proxy.json
,B20/D12/templates/PrisonPC/files/chromium-policies/00-Proxy.json.tarinfo
,B20/D12/templates/PrisonPC/files/chromium-policies/05-CACertificates.json
,B20/D12/templates/PrisonPC/files/chromium-policies/05-CACertificates.json.tarinfo
,B20/D12/templates/PrisonPC/files/chromium-policies/10-URLs.json
,B20/D12/templates/PrisonPC/files/chromium-policies/10-URLs.json.tarinfo
,B20/D12/templates/PrisonPC/files/chromium-policies/Accessibility.json
,B20/D12/templates/PrisonPC/files/chromium-policies/Accessibility.json.tarinfo
,B20/D12/templates/PrisonPC/files/chromium-policies/BrowserIdle.json
,B20/D12/templates/PrisonPC/files/chromium-policies/BrowserIdle.json.tarinfo
,B20/D12/templates/PrisonPC/files/chromium-policies/BrowserSwitcher.json
,B20/D12/templates/PrisonPC/files/chromium-policies/BrowserSwitcher.json.tarinfo
,B20/D12/templates/PrisonPC/files/chromium-policies/CertificateManagement.json
,B20/D12/templates/PrisonPC/files/chromium-policies/CertificateManagement.json.tarinfo
,B20/D12/templates/PrisonPC/files/chromium-policies/CloudReporting.json
,B20/D12/templates/PrisonPC/files/chromium-policies/CloudReporting.json.tarinfo
,B20/D12/templates/PrisonPC/files/chromium-policies/ContentSettings.json
,B20/D12/templates/PrisonPC/files/chromium-policies/ContentSettings.json.tarinfo
,B20/D12/templates/PrisonPC/files/chromium-policies/CryptographyCompliance.json
,B20/D12/templates/PrisonPC/files/chromium-policies/CryptographyCompliance.json.tarinfo
,B20/D12/templates/PrisonPC/files/chromium-policies/DefaultSearchProvider.json
,B20/D12/templates/PrisonPC/files/chromium-policies/DefaultSearchProvider.json.tarinfo
,B20/D12/templates/PrisonPC/files/chromium-policies/Extensions.json
,B20/D12/templates/PrisonPC/files/chromium-policies/Extensions.json.tarinfo
,B20/D12/templates/PrisonPC/files/chromium-policies/FirstPartySets.json
,B20/D12/templates/PrisonPC/files/chromium-policies/FirstPartySets.json.tarinfo
,B20/D12/templates/PrisonPC/files/chromium-policies/GenerativeAI.json
,B20/D12/templates/PrisonPC/files/chromium-policies/GenerativeAI.json.tarinfo
,B20/D12/templates/PrisonPC/files/chromium-policies/GoogleCast.json
,B20/D12/templates/PrisonPC/files/chromium-policies/GoogleCast.json.tarinfo
,B20/D12/templates/PrisonPC/files/chromium-policies/HTTPAuthentication.json
,B20/D12/templates/PrisonPC/files/chromium-policies/HTTPAuthentication.json.tarinfo
,B20/D12/templates/PrisonPC/files/chromium-policies/LocalNetworkAccessSettings.json
,B20/D12/templates/PrisonPC/files/chromium-policies/LocalNetworkAccessSettings.json.tarinfo
,B20/D12/templates/PrisonPC/files/chromium-policies/Miscellaneous.json
,B20/D12/templates/PrisonPC/files/chromium-policies/Miscellaneous.json.tarinfo
,B20/D12/templates/PrisonPC/files/chromium-policies/NativeMessaging.json
,B20/D12/templates/PrisonPC/files/chromium-policies/NativeMessaging.json.tarinfo
,B20/D12/templates/PrisonPC/files/chromium-policies/Network.json
,B20/D12/templates/PrisonPC/files/chromium-policies/Network.json.tarinfo
,B20/D12/templates/PrisonPC/files/chromium-policies/PasswordManager.json
,B20/D12/templates/PrisonPC/files/chromium-policies/PasswordManager.json.tarinfo
,B20/D12/templates/PrisonPC/files/chromium-policies/Printing.json
,B20/D12/templates/PrisonPC/files/chromium-policies/Printing.json.tarinfo
,B20/D12/templates/PrisonPC/files/chromium-policies/PrivacySandbox.json
,B20/D12/templates/PrisonPC/files/chromium-policies/PrivacySandbox.json.tarinfo
,B20/D12/templates/PrisonPC/files/chromium-policies/PrivateNetworkRequestSettings.json
,B20/D12/templates/PrisonPC/files/chromium-policies/PrivateNetworkRequestSettings.json.tarinfo
,B20/D12/templates/PrisonPC/files/chromium-policies/Proxy.json
,B20/D12/templates/PrisonPC/files/chromium-policies/Proxy.json.tarinfo
,B20/D12/templates/PrisonPC/files/chromium-policies/RelatedWebsiteSets.json
,B20/D12/templates/PrisonPC/files/chromium-policies/RelatedWebsiteSets.json.tarinfo
,B20/D12/templates/PrisonPC/files/chromium-policies/RemoteAccess.json
,B20/D12/templates/PrisonPC/files/chromium-policies/RemoteAccess.json.tarinfo
,B20/D12/templates/PrisonPC/files/chromium-policies/SafeBrowsing.json
,B20/D12/templates/PrisonPC/files/chromium-policies/SafeBrowsing.json.tarinfo
,B20/D12/templates/PrisonPC/files/chromium-policies/ScreenCapture.json
,B20/D12/templates/PrisonPC/files/chromium-policies/ScreenCapture.json.tarinfo
,B20/D12/templates/PrisonPC/files/chromium-policies/Sharing.json
,B20/D12/templates/PrisonPC/files/chromium-policies/Sharing.json.tarinfo
,B20/D12/templates/PrisonPC/files/chromium-policies/Signin.json
,B20/D12/templates/PrisonPC/files/chromium-policies/Signin.json.tarinfo
,B20/D12/templates/PrisonPC/files/chromium-policies/Startup.json
,B20/D12/templates/PrisonPC/files/chromium-policies/Startup.json.tarinfo
,B20/D12/templates/PrisonPC/files/chromium-policies/WebRtc.json
,B20/D12/templates/PrisonPC/files/chromium-policies/WebRtc.json.tarinfo
,B20/D12/templates/PrisonPC/files/chromium/chromium-managed-bookmarks.py
,B20/D12/templates/PrisonPC/files/chromium/chromium-managed-bookmarks.py.tarinfo
,B20/D12/templates/PrisonPC/files/chromium/chromium-managed-bookmarks.service
,B20/D12/templates/PrisonPC/files/chromium/chromium-managed-bookmarks.service.tarinfo
,B20/D12/templates/PrisonPC/files/chromium/chromium-replaces-evince.desktop
,B20/D12/templates/PrisonPC/files/chromium/chromium-replaces-evince.desktop.tarinfo
,B20/D12/templates/PrisonPC/files/chromium/chromium-replaces-khelpcenter.sh
,B20/D12/templates/PrisonPC/files/chromium/chromium-replaces-khelpcenter.sh.tarinfo
,B20/D12/templates/PrisonPC/files/chromium/chromium-replaces-ristretto.desktop
,B20/D12/templates/PrisonPC/files/chromium/chromium-replaces-ristretto.desktop.tarinfo
,B20/D12/templates/PrisonPC/files/chromium/chromium-replaces-yelp.desktop
,B20/D12/templates/PrisonPC/files/chromium/chromium-replaces-yelp.desktop.tarinfo
,B20/D12/templates/PrisonPC/files/chromium/chromium-replaces-yelp.py
,B20/D12/templates/PrisonPC/files/chromium/chromium-replaces-yelp.py.tarinfo
,B20/D12/templates/PrisonPC/files/chromium/chromium-singleton-cleanup.service
,B20/D12/templates/PrisonPC/files/chromium/chromium-singleton-cleanup.service.tarinfo
,B20/D12/templates/PrisonPC/files/chromium/com.PrisonPC.Complain.desktop
,B20/D12/templates/PrisonPC/files/chromium/com.PrisonPC.Complain.desktop.tarinfo
,B20/D12/templates/PrisonPC/files/chromium/com.PrisonPC.EPG.desktop
,B20/D12/templates/PrisonPC/files/chromium/com.PrisonPC.EPG.desktop.tarinfo
,B20/D12/templates/PrisonPC/files/chromium/com.PrisonPC.TV.default-application.conf
,B20/D12/templates/PrisonPC/files/chromium/com.PrisonPC.TV.default-application.conf.tarinfo
,B20/D12/templates/PrisonPC/files/chromium/com.PrisonPC.TV.desktop
,B20/D12/templates/PrisonPC/files/chromium/com.PrisonPC.TV.desktop.tarinfo
,B20/D12/templates/PrisonPC/files/chromium/com.PrisonPC.TV.py
,B20/D12/templates/PrisonPC/files/chromium/com.PrisonPC.TV.py.tarinfo
,B20/D12/templates/PrisonPC/files/chromium/remove-debian9-bookmarks.desktop
,B20/D12/templates/PrisonPC/files/chromium/remove-debian9-bookmarks.desktop.tarinfo
,B20/D12/templates/PrisonPC/files/chromium/remove-debian9-bookmarks.py
,B20/D12/templates/PrisonPC/files/chromium/remove-debian9-bookmarks.py.tarinfo
,B20/D12/templates/PrisonPC/files/chromium/toggle-opendyslexic-in-chromium.desktop
,B20/D12/templates/PrisonPC/files/chromium/toggle-opendyslexic-in-chromium.desktop.tarinfo
,B20/D12/templates/PrisonPC/files/chromium/toggle-opendyslexic-in-chromium.py
,B20/D12/templates/PrisonPC/files/chromium/toggle-opendyslexic-in-chromium.py.tarinfo
,B20/D12/templates/PrisonPC/files/chromium/workaround-bugs.debian.org-1004716.tarinfo
,B20/D12/templates/PrisonPC/files/com.prisonpc.crt
,B20/D12/templates/PrisonPC/files/com.prisonpc.crt.tarinfo
,B20/D12/templates/PrisonPC/files/cups-client.conf
,B20/D12/templates/PrisonPC/files/cups-client.conf.tarinfo
,B20/D12/templates/PrisonPC/files/factory-reset.desktop
,B20/D12/templates/PrisonPC/files/factory-reset.desktop.tarinfo
,B20/D12/templates/PrisonPC/files/factory-reset.py
,B20/D12/templates/PrisonPC/files/factory-reset.py.tarinfo
,B20/D12/templates/PrisonPC/files/firewall-boot-test.nft
,B20/D12/templates/PrisonPC/files/firewall-dropin-support.nft
,B20/D12/templates/PrisonPC/files/firewall-dropin-support.nft.tarinfo
,B20/D12/templates/PrisonPC/files/firewall-failure-should-reboot.service
,B20/D12/templates/PrisonPC/files/firewall-failure-should-reboot.service.tarinfo
,B20/D12/templates/PrisonPC/files/firewall-hosts.nft
,B20/D12/templates/PrisonPC/files/firewall-hosts.nft.tarinfo
,B20/D12/templates/PrisonPC/files/firewall.nft
,B20/D12/templates/PrisonPC/files/firewall.nft.tarinfo
,B20/D12/templates/PrisonPC/files/fstab
,B20/D12/templates/PrisonPC/files/fstab.tarinfo
,B20/D12/templates/PrisonPC/files/gnome/dconf-profile-user.conf
,B20/D12/templates/PrisonPC/files/gnome/dconf-profile-user.conf.tarinfo
,B20/D12/templates/PrisonPC/files/gnome/eog.defaults.ini
,B20/D12/templates/PrisonPC/files/gnome/lockdown.defaults.ini
,B20/D12/templates/PrisonPC/files/gnome/lockdown.defaults.ini.tarinfo
,B20/D12/templates/PrisonPC/files/gnome/lockdown.locks.ini
,B20/D12/templates/PrisonPC/files/gnome/lockdown.locks.ini.tarinfo
,B20/D12/templates/PrisonPC/files/gnome/theme.defaults.ini
,B20/D12/templates/PrisonPC/files/gnome/theme.defaults.ini.tarinfo
,B20/D12/templates/PrisonPC/files/infrared-tv-remote-control/PrisonPC.toml
,B20/D12/templates/PrisonPC/files/infrared-tv-remote-control/PrisonPC.toml.tarinfo
,B20/D12/templates/PrisonPC/files/infrared-tv-remote-control/rc_maps.cfg
,B20/D12/templates/PrisonPC/files/infrared-tv-remote-control/rc_maps.cfg.tarinfo
,B20/D12/templates/PrisonPC/files/libreoffice/debian9-libreoffice6.1-lockdown.xcd
,B20/D12/templates/PrisonPC/files/libreoffice/debian9-libreoffice6.1-lockdown.xcd.tarinfo
,B20/D12/templates/PrisonPC/files/live-boot-hide-rootfs-components.rules
,B20/D12/templates/PrisonPC/files/live-boot-hide-rootfs-components.rules.tarinfo
,B20/D12/templates/PrisonPC/files/live-boot-hide-rootfs-components.sh
,B20/D12/templates/PrisonPC/files/live-boot-hide-rootfs-components.sh.tarinfo
,B20/D12/templates/PrisonPC/files/live-boot-leave-fstab-alone.conf
,B20/D12/templates/PrisonPC/files/live-boot-leave-fstab-alone.conf.tarinfo
,B20/D12/templates/PrisonPC/files/network-check-hook.sh
,B20/D12/templates/PrisonPC/files/network-check-hook.sh.tarinfo
,B20/D12/templates/PrisonPC/files/network-check-script.sh
,B20/D12/templates/PrisonPC/files/network-check-script.sh.tarinfo
,B20/D12/templates/PrisonPC/files/network-check.grep
,B20/D12/templates/PrisonPC/files/network-check.grep.tarinfo
,B20/D12/templates/PrisonPC/files/nslcd.service
,B20/D12/templates/PrisonPC/files/nslcd.service.tarinfo
,B20/D12/templates/PrisonPC/files/plymouth-quit.py
,B20/D12/templates/PrisonPC/files/plymouth-quit.py.tarinfo
,B20/D12/templates/PrisonPC/files/plymouth-quit.service
,B20/D12/templates/PrisonPC/files/plymouth-quit.service.tarinfo
,B20/D12/templates/PrisonPC/files/polkit-policy.js
,B20/D12/templates/PrisonPC/files/polkit-policy.js.tarinfo
,B20/D12/templates/PrisonPC/files/prayer/Mail-xfce4-helper.desktop
,B20/D12/templates/PrisonPC/files/prayer/Mail-xfce4-helper.desktop.tarinfo
,B20/D12/templates/PrisonPC/files/prayer/Mail.desktop
,B20/D12/templates/PrisonPC/files/prayer/Mail.desktop.tarinfo
,B20/D12/templates/PrisonPC/files/prayer/prayer-systemd-generator.py
,B20/D12/templates/PrisonPC/files/prayer/prayer-systemd-generator.py.tarinfo
,B20/D12/templates/PrisonPC/files/prayer/prayer.cf
,B20/D12/templates/PrisonPC/files/prayer/prayer.cf.tarinfo
,B20/D12/templates/PrisonPC/files/prayer/prayer.service
,B20/D12/templates/PrisonPC/files/prayer/prayer.service.tarinfo
,B20/D12/templates/PrisonPC/files/prayer/prayer.socket
,B20/D12/templates/PrisonPC/files/prayer/prayer.socket.tarinfo
,B20/D12/templates/PrisonPC/files/qonk-wrapper.desktop
,B20/D12/templates/PrisonPC/files/qonk-wrapper.desktop.tarinfo
,B20/D12/templates/PrisonPC/files/qonk-wrapper.py
,B20/D12/templates/PrisonPC/files/qonk-wrapper.py.tarinfo
,B20/D12/templates/PrisonPC/files/resolved.conf
,B20/D12/templates/PrisonPC/files/resolved.conf.tarinfo
,B20/D12/templates/PrisonPC/files/snitches/disc-snitch.py
,B20/D12/templates/PrisonPC/files/snitches/disc-snitch.py.tarinfo
,B20/D12/templates/PrisonPC/files/snitches/disc-snitch.rules
,B20/D12/templates/PrisonPC/files/snitches/disc-snitch.rules.tarinfo
,B20/D12/templates/PrisonPC/files/snitches/disc-snitch.service
,B20/D12/templates/PrisonPC/files/snitches/disc-snitch.service.tarinfo
,B20/D12/templates/PrisonPC/files/snitches/root-notify-send.py
,B20/D12/templates/PrisonPC/files/snitches/root-notify-send.py.tarinfo
,B20/D12/templates/PrisonPC/files/snitches/session-snitch.py
,B20/D12/templates/PrisonPC/files/snitches/session-snitch.py.tarinfo
,B20/D12/templates/PrisonPC/files/snitches/session-snitch@.service
,B20/D12/templates/PrisonPC/files/snitches/session-snitch@.service.tarinfo
,B20/D12/templates/PrisonPC/files/snitches/shutdown.py
,B20/D12/templates/PrisonPC/files/snitches/shutdown.py.tarinfo
,B20/D12/templates/PrisonPC/files/snitches/tv-snitch.py
,B20/D12/templates/PrisonPC/files/snitches/tv-snitch.py.tarinfo
,B20/D12/templates/PrisonPC/files/snitches/tv-snitch@.service
,B20/D12/templates/PrisonPC/files/snitches/tv-snitch@.service.tarinfo
,B20/D12/templates/PrisonPC/files/snitches/usb-snitch.py
,B20/D12/templates/PrisonPC/files/snitches/usb-snitch.py.tarinfo
,B20/D12/templates/PrisonPC/files/snitches/usb-snitch.rules
,B20/D12/templates/PrisonPC/files/snitches/usb-snitch.rules.tarinfo
,B20/D12/templates/PrisonPC/files/snitches/usb-snitch.service
,B20/D12/templates/PrisonPC/files/snitches/usb-snitch.service.tarinfo
,B20/D12/templates/PrisonPC/files/srv-share.mount
,B20/D12/templates/PrisonPC/files/srv-share.mount.tarinfo
,B20/D12/templates/PrisonPC/files/systemd-logind.conf
,B20/D12/templates/PrisonPC/files/systemd-logind.conf.tarinfo
,B20/D12/templates/PrisonPC/files/systemd-sleep.conf
,B20/D12/templates/PrisonPC/files/systemd-sleep.conf.tarinfo
,B20/D12/templates/PrisonPC/files/systemd-system.conf
,B20/D12/templates/PrisonPC/files/systemd-system.conf.tarinfo
,B20/D12/templates/PrisonPC/files/unscd.service
,B20/D12/templates/PrisonPC/files/unscd.service.tarinfo
,B20/D12/templates/PrisonPC/files/user-home-dir-generator.py
,B20/D12/templates/PrisonPC/files/user-home-dir-generator.py.tarinfo
,B20/D12/templates/PrisonPC/files/user-home-dir-generator.service
,B20/D12/templates/PrisonPC/files/user-home-dir-generator.service.tarinfo
,B20/D12/templates/PrisonPC/files/xdm/Xsession.options
,B20/D12/templates/PrisonPC/files/xdm/Xsession.options.tarinfo
,B20/D12/templates/PrisonPC/files/xdm/acceptable-use-policy.py
,B20/D12/templates/PrisonPC/files/xdm/acceptable-use-policy.py.tarinfo
,B20/D12/templates/PrisonPC/files/xdm/acceptable-use-policy.service
,B20/D12/templates/PrisonPC/files/xdm/acceptable-use-policy.service.tarinfo
,B20/D12/templates/PrisonPC/files/xdm/disable-ctrl-alt-f2.conf
,B20/D12/templates/PrisonPC/files/xdm/disable-ctrl-alt-f2.conf.tarinfo
,B20/D12/templates/PrisonPC/files/xdm/logout-is-reboot.sh
,B20/D12/templates/PrisonPC/files/xdm/logout-is-reboot.sh.tarinfo
,B20/D12/templates/PrisonPC/files/xdm/logrotate-xsession-errors.py
,B20/D12/templates/PrisonPC/files/xdm/logrotate-xsession-errors.py.tarinfo
,B20/D12/templates/PrisonPC/files/xdm/x11vnc.conf
,B20/D12/templates/PrisonPC/files/xdm/x11vnc.conf.tarinfo
,B20/D12/templates/PrisonPC/files/xdm/x11vnc.service
,B20/D12/templates/PrisonPC/files/xdm/x11vnc.service.tarinfo
,B20/D12/templates/PrisonPC/files/xdm/xdm-post-login.py
,B20/D12/templates/PrisonPC/files/xdm/xdm-post-login.py.tarinfo
,B20/D12/templates/PrisonPC/files/xdm/xdm-pre-prompt.py
,B20/D12/templates/PrisonPC/files/xdm/xdm-pre-prompt.py.tarinfo
,B20/D12/templates/PrisonPC/files/xdm/xdm.theme
,B20/D12/templates/PrisonPC/files/xdm/xdm.theme.tarinfo
,B20/D12/templates/PrisonPC/files/xdm/xdm.theme_colors
,B20/D12/templates/PrisonPC/files/xdm/xdm.theme_colors.tarinfo
,B20/D12/templates/PrisonPC/files/xfce/PrisonPC-menu-HighContrast.svg
,B20/D12/templates/PrisonPC/files/xfce/PrisonPC-menu.svg
,B20/D12/templates/PrisonPC/files/xfce/PrisonPC-menu.svg.tarinfo
,B20/D12/templates/PrisonPC/files/xfce/autologout/autologout.desktop
,B20/D12/templates/PrisonPC/files/xfce/autologout/autologout.desktop.tarinfo.DISABLED
,B20/D12/templates/PrisonPC/files/xfce/autologout/autologout.py
,B20/D12/templates/PrisonPC/files/xfce/autologout/autologout.py.tarinfo.DISABLED
,B20/D12/templates/PrisonPC/files/xfce/cache-on-tmpfs-not-nfs.conf
,B20/D12/templates/PrisonPC/files/xfce/cache-on-tmpfs-not-nfs.conf.tarinfo
,B20/D12/templates/PrisonPC/files/xfce/cache-on-tmpfs-not-nfs.sh
,B20/D12/templates/PrisonPC/files/xfce/cache-on-tmpfs-not-nfs.sh.tarinfo
,B20/D12/templates/PrisonPC/files/xfce/helpers.rc
,B20/D12/templates/PrisonPC/files/xfce/helpers.rc.tarinfo
,B20/D12/templates/PrisonPC/files/xfce/kioskrc
,B20/D12/templates/PrisonPC/files/xfce/kioskrc.tarinfo
,B20/D12/templates/PrisonPC/files/xfce/lawyers-make-bad-pdfs/300-DPI.desktop
,B20/D12/templates/PrisonPC/files/xfce/lawyers-make-bad-pdfs/300-DPI.desktop.tarinfo
,B20/D12/templates/PrisonPC/files/xfce/lawyers-make-bad-pdfs/96-DPI.desktop
,B20/D12/templates/PrisonPC/files/xfce/lawyers-make-bad-pdfs/96-DPI.desktop.tarinfo
,B20/D12/templates/PrisonPC/files/xfce/lawyers-make-bad-pdfs/compress.py
,B20/D12/templates/PrisonPC/files/xfce/lawyers-make-bad-pdfs/compress.py.tarinfo
,B20/D12/templates/PrisonPC/files/xfce/log-terminal-attempt.desktop
,B20/D12/templates/PrisonPC/files/xfce/log-terminal-attempt.desktop.tarinfo
,B20/D12/templates/PrisonPC/files/xfce/log-terminal-attempt.py
,B20/D12/templates/PrisonPC/files/xfce/log-terminal-attempt.py.tarinfo
,B20/D12/templates/PrisonPC/files/xfce/popcon-errata.ini
,B20/D12/templates/PrisonPC/files/xfce/popcon-errata.ini.tarinfo
,B20/D12/templates/PrisonPC/files/xfce/popcon-generate.py
,B20/D12/templates/PrisonPC/files/xfce/popcon-generate.py.tarinfo
,B20/D12/templates/PrisonPC/files/xfce/popcon.py
,B20/D12/templates/PrisonPC/files/xfce/popcon.py.tarinfo
,B20/D12/templates/PrisonPC/files/xfce/popcon.service
,B20/D12/templates/PrisonPC/files/xfce/popcon.service.tarinfo
,B20/D12/templates/PrisonPC/files/xfce/popcon.timer
,B20/D12/templates/PrisonPC/files/xfce/popcon.timer.tarinfo
,B20/D12/templates/PrisonPC/files/xfce/quota-reminder.desktop
,B20/D12/templates/PrisonPC/files/xfce/quota-reminder.desktop.tarinfo
,B20/D12/templates/PrisonPC/files/xfce/quota-reminder.py
,B20/D12/templates/PrisonPC/files/xfce/quota-reminder.py.tarinfo
,B20/D12/templates/PrisonPC/files/xfce/thunar-bookmark-srv-share.py
,B20/D12/templates/PrisonPC/files/xfce/thunar-bookmark-srv-share.py.tarinfo
,B20/D12/templates/PrisonPC/files/xfce/thunar-bookmark-srv-share.service
,B20/D12/templates/PrisonPC/files/xfce/thunar-bookmark-srv-share.service.tarinfo
,B20/D12/templates/PrisonPC/files/xfce/thunar-volman.xml
,B20/D12/templates/PrisonPC/files/xfce/thunar-volman.xml.tarinfo
,B20/D12/templates/PrisonPC/files/xfce/thunar.xml
,B20/D12/templates/PrisonPC/files/xfce/thunar.xml.tarinfo
,B20/D12/templates/PrisonPC/files/xfce/too-many-games/xfce-applications.menu
,B20/D12/templates/PrisonPC/files/xfce/too-many-games/xfce-applications.menu.tarinfo
,B20/D12/templates/PrisonPC/files/xfce/too-many-games/xfce-games-action.directory
,B20/D12/templates/PrisonPC/files/xfce/too-many-games/xfce-games-action.directory.tarinfo
,B20/D12/templates/PrisonPC/files/xfce/too-many-games/xfce-games-adventure.directory
,B20/D12/templates/PrisonPC/files/xfce/too-many-games/xfce-games-adventure.directory.tarinfo
,B20/D12/templates/PrisonPC/files/xfce/too-many-games/xfce-games-arcade.directory
,B20/D12/templates/PrisonPC/files/xfce/too-many-games/xfce-games-arcade.directory.tarinfo
,B20/D12/templates/PrisonPC/files/xfce/too-many-games/xfce-games-blocks.directory
,B20/D12/templates/PrisonPC/files/xfce/too-many-games/xfce-games-blocks.directory.tarinfo
,B20/D12/templates/PrisonPC/files/xfce/too-many-games/xfce-games-board.directory
,B20/D12/templates/PrisonPC/files/xfce/too-many-games/xfce-games-board.directory.tarinfo
,B20/D12/templates/PrisonPC/files/xfce/too-many-games/xfce-games-card.directory
,B20/D12/templates/PrisonPC/files/xfce/too-many-games/xfce-games-card.directory.tarinfo
,B20/D12/templates/PrisonPC/files/xfce/too-many-games/xfce-games-kids.directory
,B20/D12/templates/PrisonPC/files/xfce/too-many-games/xfce-games-kids.directory.tarinfo
,B20/D12/templates/PrisonPC/files/xfce/too-many-games/xfce-games-logic.directory
,B20/D12/templates/PrisonPC/files/xfce/too-many-games/xfce-games-logic.directory.tarinfo
,B20/D12/templates/PrisonPC/files/xfce/too-many-games/xfce-games-other.directory
,B20/D12/templates/PrisonPC/files/xfce/too-many-games/xfce-games-other.directory.tarinfo
,B20/D12/templates/PrisonPC/files/xfce/too-many-games/xfce-games-roleplaying.directory
,B20/D12/templates/PrisonPC/files/xfce/too-many-games/xfce-games-roleplaying.directory.tarinfo
,B20/D12/templates/PrisonPC/files/xfce/too-many-games/xfce-games-simulation.directory
,B20/D12/templates/PrisonPC/files/xfce/too-many-games/xfce-games-simulation.directory.tarinfo
,B20/D12/templates/PrisonPC/files/xfce/too-many-games/xfce-games-sports.directory
,B20/D12/templates/PrisonPC/files/xfce/too-many-games/xfce-games-sports.directory.tarinfo
,B20/D12/templates/PrisonPC/files/xfce/too-many-games/xfce-games-strategy.directory
,B20/D12/templates/PrisonPC/files/xfce/too-many-games/xfce-games-strategy.directory.tarinfo
,B20/D12/templates/PrisonPC/files/xfce/umask.sh
,B20/D12/templates/PrisonPC/files/xfce/umask.sh.tarinfo
,B20/D12/templates/PrisonPC/files/xfce/what-is-my-ip.desktop
,B20/D12/templates/PrisonPC/files/xfce/what-is-my-ip.desktop.tarinfo
,B20/D12/templates/PrisonPC/files/xfce/what-is-my-ip.py
,B20/D12/templates/PrisonPC/files/xfce/what-is-my-ip.py.tarinfo
,B20/D12/templates/PrisonPC/files/xfce/xfce-settings-manager.menu
,B20/D12/templates/PrisonPC/files/xfce/xfce-settings-manager.menu.tarinfo
,B20/D12/templates/PrisonPC/files/xfce/xfce4-desktop-update.py
,B20/D12/templates/PrisonPC/files/xfce/xfce4-desktop-update.py.tarinfo
,B20/D12/templates/PrisonPC/files/xfce/xfce4-desktop.xml
,B20/D12/templates/PrisonPC/files/xfce/xfce4-desktop.xml.tarinfo
,B20/D12/templates/PrisonPC/files/xfce/xfce4-keyboard-shortcuts.xml
,B20/D12/templates/PrisonPC/files/xfce/xfce4-keyboard-shortcuts.xml.tarinfo
,B20/D12/templates/PrisonPC/files/xfce/xfce4-notifyd.xml
,B20/D12/templates/PrisonPC/files/xfce/xfce4-notifyd.xml.tarinfo
,B20/D12/templates/PrisonPC/files/xfce/xfce4-panel.xml
,B20/D12/templates/PrisonPC/files/xfce/xfce4-panel.xml.tarinfo
,B20/D12/templates/PrisonPC/files/xfce/xfce4-power-manager.xml
,B20/D12/templates/PrisonPC/files/xfce/xfce4-power-manager.xml.tarinfo
,B20/D12/templates/PrisonPC/files/xfce/xfce4-session.xml
,B20/D12/templates/PrisonPC/files/xfce/xfce4-session.xml.tarinfo
,B20/D12/templates/PrisonPC/files/xfce/xfwm4.xml
,B20/D12/templates/PrisonPC/files/xfce/xfwm4.xml.tarinfo
,B20/D12/templates/PrisonPC/files/xfce/xsettings-is-ignored-by-fucking-qt5.sh
,B20/D12/templates/PrisonPC/files/xfce/xsettings-is-ignored-by-fucking-qt5.sh.tarinfo
,B20/D12/templates/PrisonPC/files/xfce/xsettings.xml
,B20/D12/templates/PrisonPC/files/xfce/xsettings.xml.tarinfo
,B20/D12/templates/PrisonPC/hooks/customize10-dconf-update.py
,B20/D12/templates/PrisonPC/hooks/customize20-disable-xinitrc.py
,B20/D12/templates/PrisonPC/hooks/customize50-generic-app-names.conf
,B20/D12/templates/PrisonPC/hooks/customize50-generic-app-names.exec-fixes.conf
,B20/D12/templates/PrisonPC/hooks/customize50-generic-app-names.py
,B20/D12/templates/PrisonPC/hooks/customize70-chromium-not-yelp.py
,B20/D12/templates/PrisonPC/hooks/customize70-disable-libreoffice-encryption.py
,B20/D12/templates/PrisonPC/hooks/customize80-chmod-scary-binaries.conf
,B20/D12/templates/PrisonPC/hooks/customize80-chmod-scary-binaries.py
,B20/D12/templates/PrisonPC/hooks/customize80-purge-bad-packages.py
,B20/D12/templates/PrisonPC/hooks/customize90-delete-bad-files.glob
,B20/D12/templates/PrisonPC/hooks/customize90-delete-bad-files.py
,B20/D12/templates/PrisonPC/hooks/customize91-generate-popcon-cache.sh
,B20/D12/templates/PrisonPC/hooks/customize95-check-for-suid-sgid.conf
,B20/D12/templates/PrisonPC/hooks/customize95-check-for-suid-sgid.py
,B20/D12/templates/PrisonPC/hooks/customize95-obfuscate-chromium-json.py
,B20/D12/templates/PrisonPC/hooks/customize95-obfuscate-python-inner.py
,B20/D12/templates/PrisonPC/hooks/customize95-obfuscate-python.py
,B20/D12/templates/PrisonPC/hooks/essential10-is-marble-rebuild-needed.py
,B20/D12/templates/PrisonPC/hooks/essential50-enable-libnss-ldapd.py
,B20/D12/templates/desktop/config.toml
,B20/D12/templates/desktop/files/libreoffice-thesaurus-en-AU-dat.tarinfo
,B20/D12/templates/desktop/files/libreoffice-thesaurus-en-AU-idx.tarinfo
,B20/D12/templates/desktop/files/plymouthd.conf
,B20/D12/templates/desktop/files/plymouthd.conf.tarinfo
,B20/D12/templates/desktop/files/rsyslog-from-kernel.conf
,B20/D12/templates/desktop/files/rsyslog-from-kernel.conf.tarinfo
,B20/D12/templates/desktop/files/wireplumber-do-not-run-for-root-ssh.service
,B20/D12/templates/desktop/files/wireplumber-do-not-run-for-root-ssh.service.tarinfo
,B20/D12/templates/desktop/files/xdm.theme
,B20/D12/templates/desktop/files/xdm.theme.tarinfo
,B20/D12/templates/desktop/files/xfce-spice-output-resizer.desktop
,B20/D12/templates/desktop/files/xfce-spice-output-resizer.desktop.tarinfo
,B20/D12/templates/desktop/files/xfce-spice-output-resizer.py
,B20/D12/templates/desktop/files/xfce-spice-output-resizer.py.tarinfo
,B20/D12/templates/main-netboot-only/files/etc-initramfs-tools-conf.d-bootstrap2020-netboot-only
,B20/D12/templates/main-netboot-only/files/etc-initramfs-tools-conf.d-bootstrap2020-netboot-only.tarinfo
,B20/D12/templates/main-netboot-only/files/etc-live-boot-bootstrap2020-netboot-only
,B20/D12/templates/main-netboot-only/files/etc-live-boot-bootstrap2020-netboot-only.tarinfo
,B20/D12/templates/main-netboot/files/nfs4-needs-nfsmount.sh
,B20/D12/templates/main-netboot/files/nfs4-needs-nfsmount.sh.tarinfo
,B20/D12/templates/main-netboot/files/smb3-needs-crypto.conf
,B20/D12/templates/main-netboot/files/smb3-needs-crypto.conf.tarinfo
,B20/D12/templates/main/apt.sources
,B20/D12/templates/main/config.toml
,B20/D12/templates/main/dpkg.cfg
,B20/D12/templates/main/files/50-bootstrap2020.network
,B20/D12/templates/main/files/50-bootstrap2020.network.tarinfo
,B20/D12/templates/main/files/apt-preferences-bookworm-backports.conf
,B20/D12/templates/main/files/apt-preferences-bookworm-backports.conf.tarinfo
,B20/D12/templates/main/files/apt-preferences-insecure-browsers.conf
,B20/D12/templates/main/files/apt-preferences-insecure-browsers.conf.tarinfo
,B20/D12/templates/main/files/bootstrap2020-systemd-networkd
,B20/D12/templates/main/files/bootstrap2020-systemd-networkd.tarinfo
,B20/D12/templates/main/files/busybox-aliases.bash
,B20/D12/templates/main/files/busybox-aliases.bash.tarinfo
,B20/D12/templates/main/files/cpu-microcode/amd64-microcode.conf
,B20/D12/templates/main/files/cpu-microcode/amd64-microcode.conf.tarinfo
,B20/D12/templates/main/files/cpu-microcode/intel-microcode.conf
,B20/D12/templates/main/files/cpu-microcode/intel-microcode.conf.tarinfo
,B20/D12/templates/main/files/dropbear.conf
,B20/D12/templates/main/files/dropbear.conf.tarinfo
,B20/D12/templates/main/files/ethernet-speed-check.py
,B20/D12/templates/main/files/ethernet-speed-check.py.tarinfo
,B20/D12/templates/main/files/ethernet-speed-check.service
,B20/D12/templates/main/files/ethernet-speed-check.service.tarinfo
,B20/D12/templates/main/files/fix-serial-getty-terminal-type.py
,B20/D12/templates/main/files/fix-serial-getty-terminal-type.py.tarinfo
,B20/D12/templates/main/files/get-config-from-dnssd.py
,B20/D12/templates/main/files/get-config-from-dnssd.py.tarinfo
,B20/D12/templates/main/files/get-config-from-dnssd.service
,B20/D12/templates/main/files/get-config-from-dnssd.service.tarinfo
,B20/D12/templates/main/files/kernel-hardening.conf
,B20/D12/templates/main/files/kernel-hardening.conf.tarinfo
,B20/D12/templates/main/files/live-boot-leave-network-alone.conf
,B20/D12/templates/main/files/live-boot-leave-network-alone.conf.tarinfo
,B20/D12/templates/main/files/msmtprc.TODO
,B20/D12/templates/main/files/msmtprc.TODO.tarinfo
,B20/D12/templates/main/files/openssh-hardening.conf
,B20/D12/templates/main/files/openssh-hardening.conf.tarinfo
,B20/D12/templates/main/files/openssh-keygen.service
,B20/D12/templates/main/files/openssh-keygen.service.tarinfo
,B20/D12/templates/main/files/personality.sh
,B20/D12/templates/main/files/personality.sh.tarinfo
,B20/D12/templates/main/files/rsyslog-RELP-to-logserv.conf
,B20/D12/templates/main/files/rsyslog-RELP-to-logserv.conf.tarinfo
,B20/D12/templates/main/files/rsyslog-from-kernel.conf
,B20/D12/templates/main/files/rsyslog-from-kernel.conf.tarinfo
,B20/D12/templates/main/files/rsyslog-from-syslog.conf
,B20/D12/templates/main/files/rsyslog-from-syslog.conf.tarinfo
,B20/D12/templates/main/files/rsyslog.conf
,B20/D12/templates/main/files/rsyslog.conf.tarinfo
,B20/D12/templates/main/files/rsyslog.service
,B20/D12/templates/main/files/rsyslog.service.tarinfo
,B20/D12/templates/main/files/systemd-enable-hardware-watchdog.conf
,B20/D12/templates/main/files/systemd-enable-hardware-watchdog.conf.tarinfo
,B20/D12/templates/main/files/systemd-networkd-wait-online-any.service.conf
,B20/D12/templates/main/files/systemd-networkd-wait-online-any.service.conf.tarinfo
,B20/D12/templates/main/files/systemd.preset
,B20/D12/templates/main/files/systemd.preset.tarinfo
,B20/D12/templates/main/files/wake-on-lan.link
,B20/D12/templates/main/files/wake-on-lan.link.tarinfo
,B20/D12/templates/main/hooks/customize10-apt-clean.py
,B20/D12/templates/main/hooks/customize50-dynamic-dns-resolv-conf.py
,B20/D12/templates/main/hooks/customize50-dynamic-hostid.py
,B20/D12/templates/main/hooks/customize50-dynamic-hostname.py
,B20/D12/templates/main/hooks/customize50-dynamic-ssh-host-keys.py
,B20/D12/templates/main/hooks/customize50-set-hardware-clock.py
,B20/D12/templates/main/hooks/customize90-abort-on-missing-microcode.py
,B20/D12/templates/main/hooks/customize90-abort-on-unexpected-upgrade.py
,B20/D12/templates/main/hooks/customize90-abort-on-unexpected-xattrs.grepF
,B20/D12/templates/main/hooks/customize90-abort-on-unexpected-xattrs.py
,B20/D12/templates/main/hooks/customize90-check-support-status.grepF
,B20/D12/templates/main/hooks/customize90-check-support-status.py
,B20/D12/templates/main/hooks/essential10-apt-clean.py
,B20/D12/templates/site-apps.toml
,B20/D12/templates/smartd/files/smartd.conf
,B20/D12/templates/smartd/files/smartd.conf.tarinfo
,B20/D12/templates/smartd/files/update-smart-drivedb.service
,B20/D12/templates/smartd/files/update-smart-drivedb.service.tarinfo
,B20/D12/templates/smartd/files/update-smart-drivedb.timer
,B20/D12/templates/smartd/files/update-smart-drivedb.timer.tarinfo
,B20/D12/templates/smartd/hooks/customize50-update-smart-drivedb.py
,B20/D12/templates/understudy/apt.sources
,B20/D12/templates/understudy/config.toml
,B20/D12/templates/understudy/files/README.rst
,B20/D12/templates/understudy/files/README.rst.tarinfo
,B20/D12/templates/understudy/files/bootloader-best-practice.py
,B20/D12/templates/understudy/files/bootloader-best-practice.py.tarinfo
,B20/D12/templates/understudy/files/disable-cyber-zfs-backup.preset
,B20/D12/templates/understudy/files/disable-cyber-zfs-backup.preset.tarinfo
,B20/D12/templates/understudy/files/unattended-upgrades-restart-vulnerable-services.conf
,B20/D12/templates/understudy/files/unattended-upgrades-restart-vulnerable-services.conf.tarinfo
,B20/D12/templates/understudy/files/zfs-best-practice.py
,B20/D12/templates/understudy/files/zfs-best-practice.py.tarinfo
,B20/D12/templates/understudy/files/zfs-fake-nfs-server.tarinfo
,B20/D12/templates/understudy/files/zfs-import-scan.conf
,B20/D12/templates/understudy/files/zfs-import-scan.conf.tarinfo
,B20/D12/templates/understudy/files/zfs-import-scan.preset
,B20/D12/templates/understudy/files/zfs-import-scan.preset.tarinfo
,B20/D12/templates/understudy/files/zfs-import-scan.service
,B20/D12/templates/understudy/files/zfs-import-scan.service.tarinfo
,B20/D12/templates/understudy/hooks/essential50-no-install-refind.py
,B20/__init__.py
,B20/minimal/D12.py
